{
    "rmse": 0.39663228945800794,
    "mae": 0.157317173040701,
    "r2": 0.1375879789762231
}